{"cameraMode":{"drawMode":0,"name":"Shaded","section":"Shading Mode"},"sceneLighting":true,"audioPlay":false,"sceneViewState":{"m_AlwaysRefresh":false,"showFog":true,"showSkybox":true,"showFlares":true,"showImageEffects":true,"showParticleSystems":true,"showVisualEffectGraphs":true,"m_FxEnabled":true},"in2DMode":false,"pivot":{"x":1.562199592590332,"y":19.474214553833009,"z":17.476825714111329},"rotation":{"x":-0.10063637048006058,"y":-0.006867495831102133,"z":0.0006947647198103368,"w":-0.9948989748954773},"size":0.23452068865299226,"orthographic":false}